student_id,gender,study_hours_per_day,attendance_pct,sleep_hours,previous_score,internet_access,private_tuition,extracurriculars,final_score,result
1,M,7.7,53.1,5.8,52.8,Yes,No,3,59.3,Fail
2,F,4.4,72.9,8.1,71.4,No,Yes,1,60.2,Pass
3,F,8.6,56.5,5.6,66.4,Yes,No,1,73.6,Pass
4,M,7,57.6,6.7,67.2,Yes,No,3,60.6,Pass
5,M,0.9,81.6,6.3,88.4,Yes,Yes,1,61.5,Pass
6,F,9.8,69.6,7.2,49.8,No,No,0,70.8,Pass
7,M,7.6,96.1,6.2,64.7,No,Yes,0,79,Pass
8,F,7.9,66,6.7,68.7,Yes,No,3,61.9,Pass
9,F,1.3,86.3,6.7,56.2,No,No,3,45.9,Fail
10,M,4.5,73.1,6.1,65.3,Yes,No,0,65.8,Pass
11,M,3.7,83,7.6,45.8,No,Yes,3,53.4,Fail
12,M,9.3,80,7.3,81.9,No,Yes,0,86.1,Pass
13,M,6.4,73.6,6.9,56.8,Yes,Yes,0,70.9,Pass
14,M,8.2,97.5,6.5,89.4,Yes,Yes,1,91.3,Pass
15,F,4.4,67.1,8,64.6,Yes,Yes,1,60.1,Pass
16,M,2.3,58.9,6.7,77.3,Yes,No,3,53.6,Fail
17,F,5.5,83.9,6.6,64.4,No,No,2,68.4,Pass
18,F,0.6,92.3,7.1,64.6,Yes,No,0,49.9,Fail
19,M,8.3,52,9,58,Yes,Yes,2,70.2,Pass
20,F,6.3,72.5,5.4,66.4,No,Yes,3,58.7,Fail
21,M,7.6,94.6,7.9,68.8,Yes,No,2,83.6,Pass
22,F,3.5,87.5,4.7,55.6,Yes,Yes,0,60.7,Pass
23,F,9.7,99.6,7.3,63.5,Yes,Yes,0,85.7,Pass
24,F,8.9,76.6,8.9,57.7,Yes,No,1,77.2,Pass
25,F,7.8,83,7.6,92.6,Yes,No,1,79.4,Pass
26,M,1.9,65.1,7.2,63.9,Yes,No,1,46.4,Fail
27,M,4.7,97.4,6.3,83.5,Yes,Yes,0,71.9,Pass
28,M,0.4,68.3,7,62.7,Yes,No,0,42.4,Fail
29,F,1.5,86.9,,68.1,Yes,Yes,2,66.6,Pass
30,M,6.8,70.2,6.1,49.1,Yes,Yes,3,60.7,Pass
31,F,7.4,78.1,6.7,59.6,Yes,No,2,71.8,Pass
32,M,9.7,86,7.2,67.5,Yes,Yes,1,82.8,Pass
33,F,3.3,75.4,6.1,84,Yes,No,3,66.5,Pass
34,F,3.7,95.4,6,67.7,Yes,No,2,58.9,Fail
35,M,4.7,71,5.4,81.6,Yes,Yes,2,69.4,Pass
36,M,1.9,82.4,7.5,72.7,Yes,No,2,58.8,Fail
37,F,1.3,67.1,7.7,,No,No,3,65,Pass
38,M,4.8,70.4,7.3,64.3,Yes,No,2,64.8,Pass
39,M,2.3,72,8.2,93.7,Yes,No,2,62.4,Pass
40,M,6.7,56.3,7.1,59.2,Yes,No,2,65.6,Pass
41,F,4.4,54.6,7.5,55.8,Yes,Yes,3,67.6,Pass
42,M,8.3,83.4,7.4,50.5,Yes,No,3,62.4,Pass
43,M,7,82.8,6.9,93,No,No,1,74.9,Pass
44,F,3.1,83.1,6.4,74.8,No,Yes,2,61.8,Pass
45,M,8.3,51,9.7,61,Yes,Yes,0,73.2,Pass
46,M,8,66.3,6.5,80,Yes,No,2,73.7,Pass
47,M,3.9,59.9,6.2,73.3,Yes,No,3,50.6,Fail
48,M,2.9,88.9,7.5,88.6,Yes,No,2,75.9,Pass
49,M,6.8,93,7.3,46.4,Yes,No,1,61.1,Pass
50,M,1.4,62.3,5.3,61.8,Yes,No,2,44.4,Fail
51,M,2,83.4,8.3,59.4,No,No,1,58.4,Fail
52,F,0.1,56.5,6.9,41.3,Yes,No,1,35.2,Fail
53,M,7.9,63.8,5.7,77.7,Yes,Yes,0,73.4,Pass
54,F,6.6,56.9,8.4,61.8,Yes,Yes,2,61.7,Pass
55,F,7.1,64.2,7.8,73.9,Yes,No,0,71.8,Pass
56,F,7.8,83.7,5.5,93.3,No,No,1,76.6,Pass
57,F,4.6,95.5,9.1,60.8,Yes,No,3,68.4,Pass
58,M,5.7,60.1,7.8,59.9,Yes,Yes,3,57.2,Fail
59,F,1.4,77.1,7,66.4,Yes,Yes,1,61.7,Pass
60,M,1.1,85.1,8.9,76.8,No,No,3,56.5,Fail
61,M,6.7,97.6,7.2,58.2,Yes,No,0,74.8,Pass
62,F,4.7,80.5,7,57.4,Yes,Yes,3,71.5,Pass
63,M,5.7,62.8,6.2,77.7,No,No,1,61.6,Pass
64,M,7.6,81.3,7.7,69.5,No,No,3,68.2,Pass
65,M,6.3,66,7.6,40.5,Yes,No,3,53.8,Fail
66,M,5.5,98.8,7,50.3,No,Yes,2,65.7,Pass
67,M,5.6,70,6.1,83,Yes,No,2,68.7,Pass
68,F,3,84.3,7.2,69.8,Yes,No,2,57,Fail
69,F,0.3,51.2,6.9,55.9,No,No,0,27.5,Fail
70,M,4.4,70,5.4,63,Yes,Yes,0,60.3,Pass
71,F,2.1,93.8,5.2,65.2,Yes,No,1,59.2,Fail
72,M,4.1,80.5,7.7,73.8,No,No,1,64.2,Pass
73,F,8.5,72.2,4,48.7,No,Yes,2,71.5,Pass
74,F,2.3,96.8,7.2,54.9,No,No,1,64.4,Pass
75,F,0.6,92.7,6.4,68.3,Yes,No,2,57.9,Fail
76,M,2.8,,8.6,63.8,No,No,0,61,Pass
77,M,2.9,77.2,6.4,,Yes,Yes,0,68.3,Pass
78,M,6.6,74.5,7.8,50.2,Yes,No,3,71.8,Pass
79,F,5.6,81.6,6.5,69.3,Yes,Yes,3,80.2,Pass
80,M,7.8,66.7,7.1,78.1,No,No,3,75.8,Pass
81,M,6.6,62.2,7.9,70.8,No,No,1,69.7,Pass
82,F,4.1,95.6,6.4,66.7,Yes,Yes,2,68.4,Pass
83,F,8.1,96.2,8.2,63.8,Yes,Yes,2,83.3,Pass
84,M,1.7,92.2,5.8,55,Yes,Yes,1,55.2,Fail
85,M,0.2,98.9,7.4,64.1,Yes,No,2,57.2,Fail
86,M,0.9,87.2,8.1,80.1,Yes,No,2,56.2,Fail
87,M,7.2,88.2,7.8,63.6,Yes,No,1,74,Pass
88,F,4.6,88.1,9.3,54.3,Yes,Yes,1,57.3,Fail
89,M,1.6,74,6.1,59.1,No,Yes,1,59.4,Fail
90,F,5,72.8,5.3,67.4,Yes,Yes,3,63.6,Pass
91,M,1.5,62,5.8,60.5,No,No,3,44.3,Fail
92,F,7,82.2,7.8,70.8,Yes,No,3,81,Pass
93,F,4.5,64.5,7.6,71.3,Yes,No,3,62.7,Pass
94,M,3.8,62.9,7.1,75.7,Yes,Yes,1,72.3,Pass
95,M,3,79.3,5.7,82.1,Yes,No,3,55.4,Fail
96,M,6.3,70.5,7.9,77,Yes,Yes,0,89.2,Pass
97,M,3.6,60.9,5.5,53.8,Yes,No,3,54.2,Fail
98,F,0.9,90.8,8.4,54.2,Yes,No,1,53.9,Fail
99,M,1.2,93,10,64.1,Yes,No,1,66.9,Pass
100,F,9.6,58.4,7.4,59.6,Yes,No,0,68.2,Pass
101,M,9.1,50.4,7.7,51.3,Yes,Yes,0,70.5,Pass
102,M,7,66.8,6.4,59.7,Yes,No,1,73.1,Pass
103,F,2.7,89.9,4.8,59.3,Yes,Yes,2,49.7,Fail
104,F,9.7,92,6.3,56.9,Yes,No,0,83.3,Pass
105,F,7.8,56.9,5.7,61.2,Yes,Yes,3,70.7,Pass
106,M,7.2,88.7,5.3,79.1,Yes,Yes,0,92.1,Pass
107,F,4.5,55.8,9.1,67.4,Yes,Yes,3,55.5,Fail
108,F,2.7,69.5,7.3,94.7,No,Yes,1,75.2,Pass
109,M,1,99.9,7.5,67,Yes,No,1,56,Fail
110,F,9,59.6,6.6,61.5,Yes,No,0,69.9,Pass
111,F,4.6,57.7,6.8,65,Yes,Yes,3,54.5,Fail
112,M,2,71.1,8.2,68.1,Yes,No,2,49.8,Fail
113,F,3.1,81,7,70.2,Yes,No,0,64.2,Pass
114,F,5.8,96.6,7.6,89.9,No,Yes,0,77.7,Pass
115,M,1.8,99,6.8,54.9,Yes,No,2,59,Fail
116,F,8.6,53.5,6.6,75.3,Yes,No,3,68.5,Pass
117,M,7.6,56.9,5.3,67.5,Yes,No,0,61.5,Pass
118,M,7.2,89.5,4.6,46.1,Yes,Yes,0,67.4,Pass
119,M,4.3,63.5,6.7,74.2,Yes,No,2,62.7,Pass
120,M,6.3,94.2,7.1,80.2,Yes,Yes,0,81.9,Pass
121,F,5.8,83.2,5.5,54.7,Yes,Yes,1,67.5,Pass
122,F,6.5,55.6,7,64.9,No,No,0,65.3,Pass
123,F,0.8,91.6,7.1,44.3,Yes,No,1,53.1,Fail
124,M,4.2,58.8,4.4,49.9,No,No,2,43.7,Fail
125,F,0.4,,,77.6,Yes,Yes,1,50.3,Fail
126,M,4.9,77.6,7.5,59.4,No,Yes,1,64.5,Pass
127,M,3.3,75,7.5,51.7,Yes,Yes,1,61,Pass
128,M,1.4,84.3,5.6,67.8,Yes,Yes,2,50.1,Fail
129,M,1,82.6,7.2,58.7,No,Yes,0,48.6,Fail
130,F,5.9,99.6,8.2,59.4,Yes,No,0,69.8,Pass
131,F,1.7,100,7.9,73.9,No,No,0,60.7,Pass
132,M,9.3,75.8,6.9,51.1,Yes,No,3,67.7,Pass
133,M,5.8,54.8,6.4,54.1,Yes,Yes,2,63.8,Pass
134,F,3.5,86.4,6.2,66.8,Yes,Yes,0,58.6,Fail
135,M,5.9,98.8,7.6,76.6,Yes,No,1,69.8,Pass
136,M,0.2,65.9,7.2,79.9,No,Yes,1,51.3,Fail
137,F,9.6,73.1,7.8,57,No,No,0,73.4,Pass
138,M,4.8,71.2,7.2,76.2,Yes,Yes,3,61.8,Pass
139,F,7.8,52.6,8,55.6,Yes,No,3,60.7,Pass
140,F,0.8,83.6,7.1,86.9,Yes,No,0,59.4,Fail
141,M,4.9,67.7,7.9,51.4,Yes,No,0,57.1,Fail
142,M,4.9,89.4,8,80.9,Yes,No,1,74.9,Pass
143,M,9.4,91.6,6,57.1,Yes,No,2,74.3,Pass
144,M,5.7,91.1,4.8,89.2,Yes,Yes,3,86,Pass
145,F,4.7,70.8,8.9,72.1,No,No,1,66.3,Pass
146,M,2.7,66.1,7.3,52.8,Yes,No,1,46.6,Fail
147,M,3.3,87.4,4.9,58.7,Yes,No,0,58.3,Fail
148,F,5.2,90.1,6.1,74.4,Yes,No,0,72.1,Pass
149,M,4.4,74.6,7.9,77.6,No,Yes,0,75.4,Pass
150,M,0.2,94.7,6.7,64.2,Yes,No,1,50,Fail
151,F,8.3,57.2,6.4,65.5,Yes,No,2,72.7,Pass
152,M,9,94,8.7,74.1,Yes,Yes,0,91.9,Pass
153,M,1.4,54.8,5.7,66.6,No,Yes,0,55.8,Fail
154,M,5.5,57.7,6,49.5,Yes,Yes,3,63.6,Pass
155,F,1.1,76.7,7.3,55.2,Yes,No,3,48.4,Fail
156,M,6.7,53.4,7.5,67.8,Yes,Yes,2,67.6,Pass
157,F,2.8,52.6,7.6,79.6,No,Yes,2,60,Pass
158,M,6.6,50,8.1,84.4,Yes,Yes,2,73.4,Pass
159,F,7.3,71.8,7.2,74.4,Yes,No,1,82.6,Pass
160,F,7.7,88.7,7.6,68.4,Yes,Yes,0,83.3,Pass
161,M,1.1,51.7,6.7,74,Yes,Yes,1,50.6,Fail
162,M,9.2,82.6,7.1,57,Yes,No,2,73.7,Pass
163,M,2.3,91.2,7.1,63.2,Yes,Yes,2,56.1,Fail
164,M,0.4,58.4,7.3,55.1,Yes,No,2,44.1,Fail
165,M,5.5,57.3,7.9,50,Yes,No,2,52.2,Fail
166,F,3.7,93,7.7,69,Yes,No,0,73,Pass
167,M,8.3,91.2,7.1,67.2,Yes,No,2,72.3,Pass
168,F,8.1,76.9,6,73.3,Yes,Yes,3,79.2,Pass
169,M,3.2,91,7.1,71.6,Yes,Yes,2,73.7,Pass
170,M,9.5,54.6,7,67.9,No,Yes,2,63.9,Pass
171,M,2.9,69.7,7.2,71.7,Yes,Yes,0,73.5,Pass
172,M,5.2,86.9,9.6,64.5,Yes,Yes,3,70.9,Pass
173,F,2.6,,6.4,70,Yes,No,1,55.1,Fail
174,M,9.4,87.6,7.5,56.3,Yes,Yes,1,85.7,Pass
175,M,1.6,75.2,8.3,69.4,Yes,Yes,1,64,Pass
176,F,0.4,87.5,7.1,73,Yes,No,0,57.6,Fail
177,F,4.4,73.2,9.8,57,No,No,3,62.7,Pass
178,M,9.9,68.4,6.5,65.6,Yes,Yes,2,83.5,Pass
179,F,8.9,61,7.4,57.5,Yes,Yes,1,83.7,Pass
180,M,7.5,60.4,6,,Yes,Yes,3,70.1,Pass
181,M,8.9,87.6,6.6,51.5,Yes,Yes,0,89.1,Pass
182,M,8.9,55.9,7.3,80.2,No,No,1,79,Pass
183,F,5.2,54.3,8,77.8,Yes,No,2,55.4,Fail
184,M,3.2,58.8,7.4,71.4,Yes,No,0,70.9,Pass
185,F,7.7,58.8,8.5,88.7,No,No,2,72.1,Pass
186,M,6.6,91.2,6.9,62.7,Yes,No,3,78.2,Pass
187,F,3.7,69.9,6.6,100,Yes,No,2,69.8,Pass
188,M,0.9,99.5,10,62.3,Yes,Yes,0,69.9,Pass
189,M,7.5,56.9,7.5,68.1,No,Yes,2,66,Pass
190,F,2.6,82.7,6.1,60.2,Yes,No,1,58.7,Fail
191,M,9.4,72.4,6.2,69.5,Yes,No,2,76.1,Pass
192,F,2.4,69.6,5.9,75,No,Yes,2,64.7,Pass
193,F,1.2,93.8,8.1,63.6,No,Yes,0,61.5,Pass
194,F,8.3,98.8,6.6,86.3,Yes,Yes,0,97.1,Pass
195,M,1.5,93.6,7.2,67.9,Yes,Yes,0,52.8,Fail
196,F,1.8,59.6,6.9,68.2,Yes,No,0,51.4,Fail
197,F,6,61,7.9,54.1,Yes,No,1,63.1,Pass
198,M,8.7,82.8,,70,No,No,0,77.4,Pass
199,F,2,64.5,5.7,,Yes,Yes,3,57,Fail
200,F,3.1,86.7,7.3,57.7,Yes,Yes,3,59.3,Fail
201,F,7.8,78.3,7.7,55.7,No,No,0,69.5,Pass
202,F,9.7,77.5,7.4,97.1,Yes,No,1,97.4,Pass
203,F,5,91.4,6,61.8,Yes,Yes,2,57.7,Fail
204,F,1.4,85.5,7.8,47.5,Yes,Yes,2,56.2,Fail
205,M,0.1,51.3,6.1,56.6,Yes,No,2,36,Fail
206,F,2.3,52.5,6.4,64.4,No,No,3,39.7,Fail
207,M,1.3,80.1,5.9,71.6,Yes,No,2,55.4,Fail
208,M,6.8,74.3,8.6,71.7,Yes,No,2,79.3,Pass
209,F,1.2,63,7.8,73.1,Yes,No,2,57.1,Fail
210,M,5.1,70.9,7.7,57.3,No,No,2,57.1,Fail
211,F,6.9,87.9,8.5,69.1,Yes,Yes,1,85,Pass
212,M,5.8,,10,54.5,No,No,2,71.2,Pass
213,M,2,78.1,4.9,57.6,No,No,3,45.1,Fail
214,M,8,69.3,6.1,54,Yes,Yes,1,67.9,Pass
215,F,7.2,63.5,6.3,50.7,No,No,0,57,Fail
216,M,7.4,76.1,6,77.8,Yes,Yes,2,82.7,Pass
217,F,1.3,65.7,5.7,73.3,Yes,Yes,3,53.5,Fail
218,M,1.2,78.2,6.6,76.7,Yes,Yes,3,53.5,Fail
219,M,9.3,83.8,5.5,65.5,No,No,2,66.2,Pass
220,M,4,53.3,7.4,74.3,No,No,3,58.8,Fail
221,M,3,50.1,7.1,43.9,No,No,1,38.5,Fail
222,F,4.9,60.6,7.6,75.4,No,No,1,63.2,Pass
223,M,6.6,94.7,7.6,67.1,Yes,No,1,81.8,Pass
224,F,9.6,82.3,7.7,,No,No,1,74.6,Pass
225,M,2.9,58.6,6.6,69.6,No,No,2,50.4,Fail
226,F,9.2,94.5,9.5,53.2,Yes,Yes,3,82.8,Pass
227,F,0.2,73.5,,47,Yes,No,1,44.3,Fail
228,M,5.6,73.8,4.8,56.5,Yes,No,0,67.1,Pass
229,M,6.3,96.8,5.8,71.8,No,No,3,63.4,Pass
230,F,1.1,53,4.9,73.3,Yes,Yes,3,51.8,Fail
231,M,1.4,60.8,7,48.6,Yes,No,3,46.8,Fail
232,F,4.2,79.3,6.9,53.2,Yes,No,1,57.4,Fail
233,F,9.7,59.8,6.4,56.3,Yes,Yes,2,74.1,Pass
234,F,6,84,9.4,60.7,Yes,No,2,72.2,Pass
235,F,9.3,60.7,7.7,48.7,Yes,Yes,3,73.5,Pass
236,F,8,55,7.9,47.9,No,Yes,3,66.1,Pass
237,F,4.7,60.3,5.9,55.1,Yes,Yes,3,59.9,Fail
238,M,7.8,71.1,5.8,66,No,No,1,63.1,Pass
239,F,0.2,58.8,7,50.8,Yes,No,0,45.5,Fail
240,M,1.1,56.7,7.2,63.6,No,Yes,0,54.4,Fail
241,M,8.3,93,4.8,77.7,Yes,No,3,80.3,Pass
242,F,8,66,6.8,49.4,Yes,Yes,3,60.7,Pass
243,F,2.3,68,7,62.5,Yes,No,0,53.1,Fail
244,F,5.3,52.8,6.7,77.3,Yes,No,1,64.4,Pass
245,M,6.1,67.9,6,60,Yes,No,0,58,Fail
246,M,8.7,63.2,6.4,58.1,No,No,1,65.1,Pass
247,F,6,80.5,6.8,79,Yes,No,2,65.5,Pass
248,M,4.1,60.3,7.1,61.3,Yes,No,2,58.6,Fail
249,F,3.7,94.4,7.7,78.3,Yes,Yes,1,75.1,Pass
250,M,4.3,96.5,8.3,70.1,Yes,Yes,1,66.4,Pass
251,F,6.5,55,6.6,60.9,Yes,Yes,2,66.9,Pass
252,M,8.7,55.4,6.5,70.8,Yes,No,2,71.4,Pass
253,M,4.5,55.8,7.5,68.8,Yes,No,0,63,Pass
254,F,2.5,81,7.7,77.3,No,No,0,58.6,Fail
255,F,2.4,56.1,6.5,58.4,Yes,Yes,1,48.1,Fail
256,F,7.5,92.6,7.9,65.5,Yes,Yes,1,77.9,Pass
257,F,8.2,87.7,8.2,64.3,Yes,No,3,74.4,Pass
258,M,1.1,91,8.6,73.4,Yes,No,3,59,Fail
259,F,0.7,76.3,9.1,52.7,Yes,Yes,2,52.8,Fail
260,M,5.9,99.8,,77.2,No,Yes,0,77.1,Pass
261,F,1.5,52.2,7,70.6,Yes,Yes,0,51.8,Fail
262,M,8.2,70.1,7,49.2,Yes,No,1,65.8,Pass
263,M,3.1,66.2,6.9,79.5,No,Yes,2,73.5,Pass
264,M,1.4,97.4,6.2,91.8,Yes,Yes,2,65.9,Pass
265,F,9.2,78.8,5.2,77,No,No,0,75.5,Pass
266,F,1.7,90.3,7.1,82.1,Yes,Yes,3,82.3,Pass
267,M,2.8,58.5,6.1,66,Yes,Yes,1,58.3,Fail
268,F,1.5,98.9,7.1,45.1,No,Yes,2,45.3,Fail
269,F,1.2,74.9,6,42.9,No,No,0,45,Fail
270,F,0.2,74.7,5.7,68.1,No,No,3,39,Fail
271,F,0.6,98.5,7.3,57.9,Yes,Yes,2,61.5,Pass
272,M,1.7,69,7.2,54,No,Yes,0,49.2,Fail
273,M,0.5,69.9,7.7,64.2,Yes,No,1,46.8,Fail
274,F,5.9,79.2,9.6,72.4,Yes,No,1,81.8,Pass
275,M,6.8,56.4,7.3,47.6,Yes,Yes,0,67.1,Pass
276,F,3.9,66.1,7.6,59.6,Yes,Yes,3,64.4,Pass
277,M,3.2,59.7,5.7,83.1,Yes,Yes,3,63.9,Pass
278,M,5,55.2,5.5,52.1,Yes,No,3,49,Fail
279,F,8.8,93.3,8.9,75.4,Yes,No,1,89.8,Pass
280,F,8.5,79.5,5.9,59.2,No,No,2,75.3,Pass
281,F,0.4,67.9,5.7,71.5,No,Yes,1,50,Fail
282,F,1.8,70.4,7,78.2,Yes,No,1,66.3,Pass
283,M,2.4,71.6,6.9,73.9,No,No,2,58.4,Fail
284,F,2.5,81.7,5.9,75.9,Yes,Yes,1,65.3,Pass
285,M,5.7,96.3,6.6,51.2,Yes,Yes,3,70,Pass
286,M,4.2,96.6,8.5,78.4,No,Yes,0,75.9,Pass
287,F,0.5,69.6,6,54.8,Yes,No,0,38.1,Fail
288,M,3.7,66.5,5.3,68.1,Yes,No,3,54.8,Fail
289,F,5.2,72.6,8.1,68.1,Yes,No,3,66.1,Pass
290,M,1,78.4,7.6,70.8,Yes,No,3,51.2,Fail
291,F,8.3,73.1,6.3,69,No,Yes,1,77.4,Pass
292,M,0.5,82.9,5.1,54.9,Yes,Yes,1,50,Fail
293,M,9.2,77.7,6.1,48.8,Yes,Yes,0,80.1,Pass
294,M,1,66,6.9,75.5,Yes,No,1,55.9,Fail
295,M,8.4,67.3,8.4,67.2,Yes,No,2,75.5,Pass
296,F,9,68.9,5.8,78.8,Yes,Yes,1,75.9,Pass
297,F,9.8,54.7,6.9,64.5,No,Yes,1,84,Pass
298,M,8,58.3,7.8,48.1,No,No,0,61.7,Pass
299,F,7.8,86.2,4.1,76.6,No,No,1,73,Pass
300,M,6.4,69.5,8.2,60.6,Yes,No,2,64.6,Pass
301,F,7.8,60.7,5.6,69.1,No,Yes,2,67,Pass
302,F,1.3,78.1,7.4,57.2,Yes,No,2,57.7,Fail
303,M,5.4,87.8,7.3,84.7,Yes,No,3,81.2,Pass
304,F,5.1,62.9,8.3,54.5,Yes,No,0,62.3,Pass
305,M,8.6,91.3,7.7,61,Yes,No,1,78.6,Pass
306,M,4.6,96.4,4.1,66.3,No,No,2,64.4,Pass
307,M,3.9,,6.1,51.9,Yes,No,1,56.5,Fail
308,F,6.4,83.4,7.2,69,No,No,3,66.8,Pass
309,M,2.7,52.6,6.8,84.3,Yes,No,0,60.1,Pass
310,M,1.4,97.3,7.6,59.1,Yes,Yes,0,59.4,Fail
311,M,4.8,69.6,7.9,69.7,Yes,No,1,66.1,Pass
312,M,4.2,96.2,7.7,32,Yes,No,1,57.2,Fail
313,F,2.3,78.9,6.7,64.5,Yes,Yes,3,61.3,Pass
314,F,3.7,50.2,4.8,61.2,Yes,Yes,1,50.7,Fail
315,M,3.7,51.9,6.5,55.2,No,No,1,50.7,Fail
316,M,3.3,84,7.5,78,Yes,No,0,62.3,Pass
317,M,3.8,78.1,5.7,61.1,Yes,No,1,55.2,Fail
318,M,6.9,51.3,7.8,62.9,Yes,No,2,61,Pass
319,F,3,87.2,8.1,60.5,Yes,No,2,54.3,Fail
320,M,9.5,92.6,7.2,42,Yes,No,2,79.4,Pass
321,M,9.2,74.8,4,51.4,Yes,Yes,1,68.3,Pass
322,F,4.8,73.3,5.5,76.5,Yes,Yes,0,66.6,Pass
323,F,3.3,50.3,9.3,39.7,Yes,No,0,53.5,Fail
324,M,5.4,89.3,6.3,55.8,Yes,Yes,0,66.8,Pass
325,M,8.5,66.5,4.6,60.2,Yes,No,2,66.9,Pass
326,F,6.5,93.9,8.5,85.9,Yes,No,3,76.1,Pass
327,M,8,68.7,7,74.2,Yes,No,3,77.9,Pass
328,M,5.3,78.3,8.3,58.3,Yes,Yes,1,73.3,Pass
329,F,6.3,63.5,7.3,80.7,Yes,No,0,75.7,Pass
330,F,2.9,58,7.6,56.1,No,Yes,2,53.6,Fail
331,F,7.3,88.7,7.4,77.1,Yes,No,0,80.8,Pass
332,M,2,74.8,7.8,48.7,Yes,Yes,2,50.3,Fail
333,M,6.9,76.8,9.7,77.9,Yes,No,1,74.3,Pass
334,M,8.6,98.3,8.2,60.1,Yes,No,3,86,Pass
335,F,1.3,98.2,5.1,52.7,Yes,Yes,2,58.5,Fail
336,F,6.1,92.8,7.5,62.4,No,Yes,2,68.5,Pass
337,M,1,59.4,8.4,68.3,No,No,1,47.4,Fail
338,F,7.3,79.7,8.4,59.1,Yes,Yes,3,73.1,Pass
339,M,0.8,93.9,6.5,71.6,Yes,Yes,2,54.7,Fail
340,M,9.4,68.7,8.4,58,Yes,No,2,75.9,Pass
341,F,1.4,55.1,8.1,72.4,Yes,No,1,49.4,Fail
342,M,9.6,90.5,10,70.3,Yes,No,1,83.4,Pass
343,M,8,74.1,6.1,64.3,No,Yes,3,64.2,Pass
344,M,5.9,78.2,6.4,59.7,Yes,No,1,57.4,Fail
345,F,7.8,99.1,6.6,66.8,Yes,No,0,78.2,Pass
346,M,8,80.4,6.4,71.6,Yes,No,1,76.2,Pass
347,M,9.5,71.2,5.9,,Yes,No,1,80.5,Pass
348,F,2.5,68.5,4,76.3,Yes,Yes,1,62.1,Pass
349,M,5.9,70.9,6.5,76.7,No,Yes,0,70.9,Pass
350,M,1,55.9,7.4,100,Yes,No,0,62.9,Pass
351,F,6.2,89.7,6.4,71.2,No,Yes,1,73.2,Pass
352,F,1.7,91.9,9.3,70.8,No,No,1,55.6,Fail
353,F,5.6,64.2,7,73.4,Yes,Yes,0,71.6,Pass
354,M,5.7,65.2,8.5,52.9,Yes,Yes,1,59.1,Fail
355,F,4.7,93.7,7.3,59.7,Yes,Yes,1,73,Pass
356,M,5.2,51.2,8,58.9,Yes,No,0,54,Fail
357,M,7.6,76,7.3,72.8,Yes,No,1,80.4,Pass
358,M,8,73.2,8.6,62.9,No,Yes,1,73.7,Pass
359,M,4.9,84.5,7.1,66.7,Yes,Yes,0,77,Pass
360,M,6,58.2,7.6,78,No,Yes,3,62.2,Pass
361,M,9.3,83.4,7.4,75.4,Yes,No,0,81.5,Pass
362,M,1.2,68.8,6.7,63.1,Yes,Yes,2,54.5,Fail
363,M,1.2,80.9,7.5,57,Yes,No,2,56.3,Fail
364,F,0.9,52,9.7,78.6,Yes,Yes,3,64,Pass
365,F,6.6,73.1,6.7,74.3,Yes,Yes,2,75,Pass
366,M,4.2,76.1,7.5,45.7,Yes,No,2,64,Pass
367,F,7.7,60.7,8.5,61.2,No,No,3,63.6,Pass
368,F,6.7,57,8.4,67,Yes,Yes,3,75.3,Pass
369,F,3.3,59.4,7,74.3,Yes,No,0,54.1,Fail
370,M,9,67.2,,75.9,Yes,Yes,3,79.8,Pass
371,M,7.6,54.8,7.6,68.4,Yes,Yes,1,61.6,Pass
372,M,2.7,97.4,4.3,72,Yes,Yes,0,60.7,Pass
373,M,3.6,70.2,8.8,65.8,Yes,No,2,62.4,Pass
374,M,3.1,90.4,7.2,56.9,Yes,No,3,51.1,Fail
375,F,1.6,98.7,8.2,61.9,Yes,Yes,0,66.4,Pass
376,M,1.5,54,5.9,65.2,Yes,No,0,51.7,Fail
377,F,9.4,82.6,5.1,64.6,Yes,No,3,73.6,Pass
378,F,4.4,93.6,7.3,42.4,Yes,No,2,53.6,Fail
379,M,3.8,81.7,7,60.2,Yes,No,0,58.7,Fail
380,F,7.3,71.5,6.4,65.7,Yes,No,3,63.7,Pass
381,M,5.5,71.6,7.1,61.6,Yes,No,1,63.3,Pass
382,F,9.4,51.8,10,62,Yes,Yes,1,79.4,Pass
383,F,7.8,76.7,8,70.9,No,No,1,72.2,Pass
384,F,4.8,99.7,8.3,52.1,No,No,2,71.3,Pass
385,M,3.8,97.9,8,45.5,Yes,No,0,57.6,Fail
386,M,9.9,52,8.8,60.8,Yes,No,1,81.7,Pass
387,M,7.2,85.3,6.8,74.2,Yes,Yes,1,75.5,Pass
388,M,9.5,65.1,4.5,85.3,No,No,0,78.3,Pass
389,M,1.2,95.1,6.8,74.4,Yes,Yes,3,68.3,Pass
390,F,8.5,52.3,8,47.4,Yes,No,0,71.1,Pass
391,M,6.4,96.8,5.8,62.2,Yes,Yes,3,71.9,Pass
392,M,1.2,91.9,6.8,68.1,Yes,Yes,0,64.6,Pass
393,F,5.9,55.9,6.2,67.1,Yes,No,1,64.1,Pass
394,M,6.9,53,8.8,71.5,No,No,0,64.2,Pass
395,M,0.1,91.7,7.9,54,No,No,1,49.9,Fail
396,F,4.5,57.8,7.8,65.8,Yes,No,2,68,Pass
397,F,8.3,76.7,7.7,70,Yes,Yes,0,84.8,Pass
398,F,3,95.8,7,74.9,Yes,No,2,68.4,Pass
399,M,4.6,78.4,7.2,55.3,Yes,Yes,3,66.3,Pass
400,F,4.4,69.9,5.6,60.9,Yes,No,1,50.5,Fail
401,M,3,72.3,4.4,32.6,Yes,No,0,45.7,Fail
402,M,9.2,53.2,7.2,57.5,No,Yes,2,64.8,Pass
403,M,7.8,98.4,7.4,58.7,No,No,0,72,Pass
404,F,1.1,65.5,8.5,52.8,Yes,No,0,58.4,Fail
405,M,10,59.5,8.9,67,Yes,Yes,1,81.9,Pass
406,M,8.8,64.3,8.9,64.3,Yes,No,1,71.9,Pass
407,M,2.8,98.2,5.8,37.9,Yes,No,0,58.5,Fail
408,M,8.4,54.7,,67.6,Yes,Yes,3,68,Pass
409,M,1.1,93.4,7.6,53.9,Yes,No,2,50,Fail
410,M,10,85.4,10,70.8,Yes,Yes,3,97,Pass
411,M,6.7,91.5,8.8,49.6,No,Yes,1,71.6,Pass
412,F,6.5,98.8,8.3,65.4,Yes,No,1,68.7,Pass
413,F,0.9,92.1,6.5,61.6,Yes,Yes,3,58.6,Fail
414,F,9,97.2,5.9,68.6,Yes,Yes,0,85.2,Pass
415,F,0.3,56.3,7.9,66.5,No,No,1,50.7,Fail
416,F,2.4,89.8,5.7,61.9,Yes,Yes,3,56.2,Fail
417,F,1.4,77.3,6.7,46.6,Yes,No,1,51.6,Fail
418,M,7.8,77.2,6.9,47.3,Yes,No,3,74.6,Pass
419,F,2,94.9,8.9,58,Yes,Yes,1,59.1,Fail
420,M,9.1,98.6,6.6,64.9,No,No,1,78.6,Pass
421,F,6.6,85.2,4.1,57.7,Yes,Yes,3,70.1,Pass
422,M,0.4,74.1,,72.5,No,No,0,46,Fail
423,M,0.1,72.8,6.2,61.6,Yes,Yes,3,49.5,Fail
424,F,0.5,69.3,7.1,53.4,Yes,No,0,44,Fail
425,M,6.1,68.1,6.9,61.7,Yes,Yes,1,67.4,Pass
426,M,8,69.6,6.7,67.7,Yes,No,2,72.4,Pass
427,F,2.4,54.5,7.9,68.9,Yes,Yes,2,56.7,Fail
428,M,8.5,53.9,5.2,87.5,Yes,Yes,3,79,Pass
429,M,0.6,89,6.4,57,Yes,No,3,45.4,Fail
430,F,8,72.3,7.8,64.1,No,No,2,67.1,Pass
431,F,9.3,96.5,6.3,70.1,No,No,2,79.8,Pass
432,M,7.7,80.6,5.1,64.7,Yes,Yes,1,75.5,Pass
433,M,7,51.8,7.8,59,Yes,Yes,3,63.8,Pass
434,F,8.4,57.9,8.3,46.4,No,Yes,2,67.6,Pass
435,M,0.4,60.3,6.9,58.9,Yes,Yes,0,39.2,Fail
436,M,2,98.8,4.6,52.1,No,No,3,44.8,Fail
437,M,1.2,60.9,7.8,44.3,Yes,No,1,40.7,Fail
438,F,5,75.8,5,55.5,No,No,1,51.3,Fail
439,M,7.5,96.8,,,Yes,Yes,1,85.8,Pass
440,M,6.3,98.9,5.9,72,Yes,No,3,73.9,Pass
441,M,8.5,61.8,5.6,72.2,Yes,No,1,73.7,Pass
442,M,1.6,52.5,6.5,54.2,Yes,Yes,1,44.8,Fail
443,F,7.3,57.7,6.8,61.9,No,No,0,63.5,Pass
444,M,1.9,53.2,6.2,42.7,No,Yes,1,34.9,Fail
445,M,2.7,59.8,7.7,59.1,Yes,Yes,0,55.7,Fail
446,M,7.1,78.4,6.5,69.8,Yes,No,2,67.3,Pass
447,F,9.8,95.6,8.2,74.9,Yes,Yes,3,90.5,Pass
448,F,6.1,76.9,7.3,56.4,Yes,No,1,52.6,Fail
449,F,0.5,81.3,,,Yes,Yes,3,51.5,Fail
450,M,6.2,60.1,6,46.8,No,Yes,3,63.4,Pass
451,M,0.4,90,5,50,No,Yes,0,51.4,Fail
452,M,8.8,80.9,7.3,73.5,Yes,Yes,2,90.9,Pass
453,M,7.1,93.2,6.6,,Yes,No,2,88.1,Pass
454,F,1.7,97.4,4.2,70.9,Yes,Yes,1,65.2,Pass
455,F,0.9,67.4,6.4,64.5,Yes,No,3,44.3,Fail
456,M,1.8,54.5,5.9,38.7,Yes,No,1,33,Fail
457,F,9.8,61.3,8.9,40.7,Yes,Yes,0,80.3,Pass
458,F,4.6,71.9,5,66.6,Yes,Yes,2,63.7,Pass
459,M,7.8,97.3,5.3,60.7,Yes,No,0,88.4,Pass
460,F,6.4,68.9,8.3,51.7,No,No,1,59.1,Fail
461,M,5.7,88.5,8.6,65.8,Yes,No,2,81,Pass
462,M,1.5,77,6.1,66.4,Yes,Yes,2,55.2,Fail
463,M,9.5,,6.2,76.3,Yes,No,1,84.2,Pass
464,F,3,66,7.7,66.6,No,No,1,62.3,Pass
465,F,5.8,82.7,4.2,79.7,Yes,Yes,0,70.1,Pass
466,M,7,83.6,4.8,65.1,Yes,Yes,1,71.6,Pass
467,F,6.5,71.7,6.7,63.6,Yes,No,2,61.3,Pass
468,M,9.4,61.4,8.9,77.8,Yes,Yes,2,78.6,Pass
469,M,1.5,86.1,6.5,53.3,Yes,Yes,1,58.3,Fail
470,M,5.1,58.4,7.1,98.8,No,Yes,0,73,Pass
471,F,4,96.8,8.4,69.5,Yes,No,2,69.1,Pass
472,F,4.7,59.4,9.5,69.6,Yes,No,2,65.8,Pass
473,M,1.2,55.4,6.3,71.3,Yes,Yes,0,43.9,Fail
474,F,1.3,74.9,7,87.5,No,No,2,62.7,Pass
475,F,2.8,76,9.2,74.5,No,No,0,59.3,Fail
476,F,3,75.4,5.2,45.7,Yes,Yes,1,55.5,Fail
477,M,4.3,71.8,8.2,81.8,Yes,No,2,70.7,Pass
478,F,6.1,99.7,5.8,60.9,Yes,Yes,2,81,Pass
479,M,6.3,74.3,7.1,66.3,Yes,Yes,2,71.3,Pass
480,M,4.1,73.9,6.7,49.6,Yes,No,3,43,Fail
481,M,4.1,71.1,5.9,71.3,Yes,No,0,62.2,Pass
482,F,2.2,53.3,5.8,57.2,No,Yes,3,45.9,Fail
483,F,5.9,79.6,7.3,66.2,Yes,No,1,63.7,Pass
484,F,3.2,61.4,8.2,61.6,Yes,No,1,55.9,Fail
485,F,0.4,81.9,6.8,88.1,Yes,Yes,3,59.5,Fail
486,F,4.2,52.5,7.1,88.8,Yes,No,1,57.7,Fail
487,F,4.7,99.1,7.7,65.6,Yes,No,0,74.4,Pass
488,F,2.3,73.5,5.8,65.8,Yes,Yes,2,54.3,Fail
489,F,5.7,94.8,7.9,60.5,No,No,2,65,Pass
490,F,5.7,73.8,8,78.3,Yes,Yes,2,72.8,Pass
491,F,7,53,10,61.1,Yes,Yes,0,78.2,Pass
492,M,6.5,91.1,6.5,59.9,Yes,No,2,69.5,Pass
493,M,6.5,82.4,6.5,76.7,Yes,No,0,75.4,Pass
494,F,3.2,89.1,7.9,58.5,No,No,2,54.7,Fail
495,M,7.9,71.4,8,64.5,Yes,No,2,75,Pass
496,F,5.5,81.9,6.4,46,Yes,No,3,65.2,Pass
497,F,4.3,92.8,6.5,73.5,Yes,Yes,3,74.3,Pass
498,F,6.3,81.6,7.6,88.3,No,No,0,80,Pass
499,F,3.6,67.4,6,73.7,Yes,No,0,63.4,Pass
500,M,5.1,83.1,6.5,82.5,Yes,No,2,64.3,Pass
501,M,7.4,83.6,7.1,54.8,Yes,No,3,64.5,Pass
502,F,8.9,98,8.2,67.8,Yes,Yes,0,88.5,Pass
503,F,9.2,68.5,6.3,53.7,Yes,Yes,1,71.5,Pass
504,M,5,71.3,4.8,62.3,Yes,Yes,1,58.3,Fail
505,F,5.2,90.6,4.7,74.3,Yes,Yes,1,63.8,Pass
506,M,8,75.3,5.5,66.2,Yes,No,2,64.9,Pass
507,F,3.1,86.8,5.4,48,Yes,No,1,51.8,Fail
508,F,8.4,73,6.8,49.2,No,Yes,1,69.4,Pass
509,F,4.9,60.8,5.6,48.4,Yes,Yes,3,51.2,Fail
510,M,1.2,87.3,6.2,70.9,Yes,No,1,56.5,Fail
511,M,0.7,56.6,6.1,89.8,Yes,Yes,0,56,Fail
512,F,8.4,59.9,6.5,81.3,No,No,3,77.2,Pass
513,F,0.6,81.3,8.6,42.2,Yes,Yes,1,48.7,Fail
514,M,2.8,87.4,7.8,82.1,Yes,Yes,3,73,Pass
515,M,3.3,94.7,7,76.2,No,Yes,3,67.9,Pass
516,F,1.7,63.6,6.4,46.5,Yes,No,2,35.7,Fail
517,M,3.1,55.5,6.5,61.4,Yes,Yes,0,55.6,Fail
518,F,7.4,97.8,7.4,78.1,No,No,3,71.8,Pass
519,M,0.1,57.7,7.7,71.6,Yes,Yes,2,49.9,Fail
520,M,8.3,59.9,5.9,49.3,Yes,Yes,1,64.3,Pass
521,M,8.6,64.6,7,72.3,Yes,No,3,75.9,Pass
522,F,3.7,76.5,4.6,39.3,Yes,Yes,3,44.1,Fail
523,F,1.5,94.1,7.3,62.3,No,Yes,3,56.6,Fail
524,M,6,88,7.9,,Yes,No,0,80.1,Pass
525,M,1.2,85.4,6.7,65.2,Yes,No,2,58,Fail
526,F,3.6,58.8,9.2,59,No,Yes,1,53.3,Fail
527,M,9.6,67.9,5.9,75.7,Yes,Yes,0,84.4,Pass
528,F,10,73.9,7.3,76.7,No,No,1,82.2,Pass
529,F,7.7,57.4,7,80.7,Yes,No,0,82.4,Pass
530,M,3.1,63.7,6.9,75.5,Yes,No,0,52.1,Fail
531,M,6.9,65.4,,78,Yes,No,2,66.9,Pass
532,F,7.1,56.4,7.1,73.8,Yes,No,2,82.6,Pass
533,M,3.9,77.5,8,68.2,No,Yes,1,63.2,Pass
534,F,6.4,85.3,8.7,66.1,No,Yes,0,65.9,Pass
535,M,0.1,,7,62.2,No,No,3,34.6,Fail
536,F,2.1,74.1,8,50.5,Yes,No,2,36.1,Fail
537,M,5.3,89.1,6.2,53.5,No,No,2,61,Pass
538,F,1.6,87.4,7.9,61.6,Yes,No,0,61.1,Pass
539,F,1.7,90.8,6.1,67.9,No,Yes,0,54.7,Fail
540,M,8.4,72.4,8.3,82.3,Yes,No,0,80.4,Pass
541,F,9.9,91,9.7,64.5,No,No,0,89.3,Pass
542,F,5.6,62,6.9,77,Yes,No,3,56.5,Fail
543,F,8.4,68,4.4,78,Yes,No,1,68.1,Pass
544,M,9.9,58.8,6.3,62.2,Yes,No,2,72,Pass
545,M,1.4,73.4,8.5,72.1,Yes,Yes,3,55.1,Fail
546,M,4.5,69.6,7.7,62.1,Yes,No,3,57.9,Fail
547,F,3.9,62,7.3,80.9,No,No,1,53.9,Fail
548,F,0.8,87.6,8.2,72.6,Yes,No,1,59,Fail
549,M,7.6,65.7,7.6,50.7,Yes,No,1,65.1,Pass
550,M,4.3,63.6,8.5,66.9,Yes,No,0,65,Pass
551,F,4.7,56.5,8.1,84.8,Yes,No,3,66.2,Pass
552,F,1.5,71.9,8.8,62.8,Yes,No,2,53.7,Fail
553,M,1.8,65.1,7.4,70.4,No,Yes,1,47.5,Fail
554,M,9.1,68.5,8.1,71.6,No,No,2,77.9,Pass
555,F,0.4,61.8,6.6,52.6,Yes,No,2,38.8,Fail
556,F,2.3,88.2,6.3,71.1,Yes,No,0,60,Pass
557,F,2.9,96.5,9,48.3,Yes,No,2,63.8,Pass
558,F,4.9,74.9,7.3,57.5,No,Yes,3,57.3,Fail
559,M,5.9,82.1,8,77.9,Yes,No,2,80.4,Pass
560,M,4.9,93.4,7.1,69.3,Yes,No,2,76.4,Pass
561,M,0.8,99.9,6.3,61.3,No,No,0,56.3,Fail
562,M,2.4,80.7,7,70.4,No,Yes,2,54.4,Fail
563,M,8.4,94.5,8.7,64.3,Yes,No,3,69.1,Pass
564,M,6.4,95.4,7.7,65.2,Yes,Yes,1,84,Pass
565,M,6.5,89.6,4.9,72.9,Yes,No,2,72.6,Pass
566,F,6.7,73,6.7,56.3,Yes,No,2,61.1,Pass
567,M,7.6,54.1,9.1,65.5,Yes,Yes,0,80.6,Pass
568,F,0.6,50.8,6.7,61.3,Yes,No,1,38,Fail
569,M,3.7,73.9,4.8,46,Yes,No,3,46.7,Fail
570,M,5.4,74.7,9.3,54,Yes,No,3,65.2,Pass
571,F,3.4,70.4,7.8,83.8,Yes,Yes,1,63.8,Pass
572,F,8.4,,6.9,69.6,Yes,No,1,76.8,Pass
573,F,4.8,77.6,6.6,49.1,No,Yes,3,62.9,Pass
574,M,7.7,91.8,8.3,46.5,Yes,No,0,73.9,Pass
575,M,8.5,55.4,6.3,63.7,No,No,1,72.3,Pass
576,M,5,,8.4,83.7,Yes,Yes,0,79.4,Pass
577,F,9.1,89.7,7.7,62.8,Yes,No,0,81.8,Pass
578,M,5.9,92.4,7.3,80.7,No,No,2,61.7,Pass
579,M,8.5,99.7,7.2,69.2,Yes,No,1,77.7,Pass
580,M,3.4,93.6,6.8,70.7,Yes,Yes,3,71.6,Pass
581,F,5,94.5,8.3,49,Yes,Yes,3,59.6,Fail
582,F,5.3,65.7,6,76.3,Yes,No,3,62.3,Pass
583,F,1,70.1,5.1,61,Yes,Yes,2,51.3,Fail
584,F,4,63.4,7.7,75.4,Yes,No,2,69,Pass
585,F,9.2,80.3,7.8,55.2,Yes,Yes,2,76.7,Pass
586,F,6.3,96.9,7.6,67.1,Yes,Yes,3,74.4,Pass
587,M,1.8,67.2,7.5,69.2,Yes,No,0,54.5,Fail
588,F,3.4,77.9,6.6,63.2,Yes,Yes,2,63.5,Pass
589,M,1.9,64.8,7.9,69.9,Yes,No,0,54.5,Fail
590,M,0.2,58.5,6.9,61.8,Yes,Yes,1,52.6,Fail
591,M,9.3,59.8,6.4,57.2,Yes,No,1,66.6,Pass
592,M,4.5,52.9,6.6,84.3,Yes,Yes,2,67.1,Pass
593,F,3.1,97.5,9.4,77.6,Yes,No,3,71.6,Pass
594,F,6,70.1,4.9,55.9,Yes,No,0,59.2,Fail
595,F,0.1,91.7,7.6,71.8,Yes,Yes,2,63.1,Pass
596,F,2.8,84.1,5,56.1,Yes,No,0,55.4,Fail
597,M,7,59.6,6.9,50.8,No,Yes,0,67.3,Pass
598,F,6.3,58.8,6.5,77.4,No,No,1,65.9,Pass
599,F,9.8,90.6,4.5,44.6,Yes,Yes,2,78.3,Pass
600,M,6.2,63.2,7.5,76.1,Yes,No,0,67.1,Pass
601,F,4.8,95.7,6.5,62,Yes,Yes,1,67.8,Pass
602,F,7.6,57,4.5,62.5,No,No,3,65.6,Pass
603,F,9,83.9,8,69.9,No,No,1,82.2,Pass
604,F,7.2,90.7,8.7,72,Yes,No,3,72.8,Pass
605,F,9.6,61.8,8.8,55.1,Yes,Yes,3,77.5,Pass
606,F,7.8,63.8,7.4,73.6,Yes,Yes,1,65.9,Pass
607,M,8.7,,7.1,66.4,No,Yes,2,79.7,Pass
608,F,1.1,63.2,8.6,49.9,No,No,2,46.3,Fail
609,M,7.3,71.5,9,63,Yes,No,1,71.7,Pass
610,M,4.4,71.6,8.4,81.6,Yes,Yes,1,73.4,Pass
611,F,5.5,62.7,5.9,85.1,Yes,No,1,53.3,Fail
612,M,6.5,88.8,7.2,73.6,Yes,No,0,74.4,Pass
613,F,9.7,88.6,7.5,50.7,No,Yes,0,81.6,Pass
614,M,9.8,68.9,4.8,70.9,Yes,No,1,79.7,Pass
615,M,2.9,91.8,7.6,75.2,Yes,Yes,3,73.1,Pass
616,M,7.3,60.7,9.7,73.7,Yes,Yes,0,77.9,Pass
617,M,7.5,50.2,7.8,74.4,Yes,No,0,70.1,Pass
618,F,3.5,78.6,8.8,69.4,No,Yes,1,58.2,Fail
619,M,1.2,99.7,7.2,64.1,Yes,No,2,56.2,Fail
620,F,0.4,51.9,6.9,57.7,No,No,0,32.4,Fail
621,F,7.8,60.4,7.5,42.2,Yes,No,0,53.6,Fail
622,M,4.9,75.9,6,69.1,Yes,No,0,59.6,Fail
623,F,9.9,90.5,5.8,67.2,Yes,No,1,90.5,Pass
624,M,4.6,54.5,8.5,71.7,Yes,Yes,0,65.3,Pass
625,M,9.8,69.8,8.6,48.9,Yes,No,3,73.9,Pass
626,F,4.1,87.4,5.8,72.7,Yes,No,3,61.4,Pass
627,F,7.9,68.6,8.2,89.7,Yes,No,1,72.9,Pass
628,F,0.8,59.4,6.9,65.9,Yes,Yes,0,56.4,Fail
629,M,5.6,59.8,7.4,64.3,Yes,No,0,52.4,Fail
630,M,8,70.5,7.6,68.7,Yes,No,1,71.8,Pass
631,F,9.2,74,8.2,89.4,No,Yes,1,88,Pass
632,F,8.2,93.1,7.1,52.7,No,No,2,72,Pass
633,F,0.4,82.1,8.7,67.4,Yes,Yes,1,54.4,Fail
634,M,3.7,84.5,7.4,55.4,No,Yes,1,51.2,Fail
635,F,0.5,99.1,7.7,58.4,Yes,No,1,50.2,Fail
636,M,1.1,70.6,6,64.4,No,No,2,41.6,Fail
637,M,6.8,70.2,9.6,81.2,Yes,Yes,2,76.8,Pass
638,M,7.1,96.2,7.6,86.6,Yes,Yes,0,94.1,Pass
639,M,7.7,62.3,7.9,70.4,Yes,Yes,1,70.5,Pass
640,F,8.7,86.5,5.1,60.5,No,No,2,72.7,Pass
641,M,7.4,87.7,6,94.9,Yes,No,2,84.2,Pass
642,F,8,,8.5,59.9,Yes,No,2,72.7,Pass
643,M,0.5,73.4,7.3,58.1,Yes,Yes,2,49.8,Fail
644,F,2.3,60,4.7,43.7,Yes,No,2,44.7,Fail
645,M,6.2,59.3,8.2,81.8,No,No,1,67.5,Pass
646,M,8.6,73.2,6.3,76.6,Yes,No,2,79.8,Pass
647,M,0,64.5,8.7,94,Yes,Yes,1,54.2,Fail
648,F,5.1,89.8,6.9,48.3,Yes,Yes,1,53,Fail
649,M,6.8,95.4,7.2,82.5,Yes,No,0,84,Pass
650,F,0.3,90.1,8.4,65.8,Yes,No,1,57,Fail
651,F,4,63.3,5.9,74.7,No,Yes,0,64.2,Pass
652,M,9,63.7,5.8,45.2,No,No,0,60.9,Pass
653,F,6.7,62.7,6.8,82.6,Yes,Yes,1,83.8,Pass
654,M,2.4,56.8,8,74.4,Yes,Yes,2,56.6,Fail
655,M,8.5,97.2,5.4,64.5,Yes,No,3,79.3,Pass
656,M,3.5,70.1,5,72.7,Yes,No,0,62.1,Pass
657,F,8.5,61.2,8,55.8,Yes,No,3,76.8,Pass
658,F,3,92.3,6.3,58,Yes,No,1,57.1,Fail
659,M,5.9,70,6.5,59.4,Yes,No,2,59.1,Fail
660,M,4,51.8,4.8,42.8,Yes,Yes,2,40.4,Fail
661,F,2.7,58.1,6.2,75.3,Yes,No,3,61.3,Pass
662,M,8.9,82,7,79.3,No,No,0,83.2,Pass
663,F,1.9,89.1,8.1,56.6,Yes,No,3,56.8,Fail
664,F,0.8,60.5,6.1,69.2,Yes,No,0,63.8,Pass
665,M,3.4,95.9,9,61.8,No,No,3,62.5,Pass
666,F,7.2,92.5,6.2,68.9,Yes,Yes,2,72.6,Pass
667,M,8.1,92.4,6.2,57.5,Yes,Yes,1,77.8,Pass
668,F,10,61.4,8.8,54.4,Yes,No,1,70.3,Pass
669,M,3,52.5,7.3,77.6,Yes,No,0,55.7,Fail
670,F,4.1,93.4,6.3,64.2,Yes,Yes,3,65.1,Pass
671,F,1.4,65.3,6.8,89.3,Yes,Yes,2,58.7,Fail
672,M,5.7,80.9,8.6,65.6,Yes,No,3,61.4,Pass
673,M,10,88,8.8,53.9,Yes,Yes,2,92.8,Pass
674,F,7,56.4,6,79.7,Yes,Yes,3,73.7,Pass
675,F,6,89,6.9,72.6,Yes,No,3,70.6,Pass
676,M,3.9,96.9,7.1,73.7,Yes,No,1,73,Pass
677,M,9.2,86.4,5.8,79.3,Yes,No,2,85.5,Pass
678,M,5,72.1,6.9,57.2,No,No,1,58.9,Fail
679,F,1.3,93.8,7,63.5,Yes,Yes,3,62.3,Pass
680,F,3.7,76.4,8.4,62.9,Yes,No,2,61.1,Pass
681,M,0.7,87.2,8.4,49.5,Yes,Yes,1,57,Fail
682,M,2,91,6.6,61.8,Yes,Yes,2,63.9,Pass
683,M,0.2,87.5,6.7,81,No,No,1,54.9,Fail
684,M,4.5,64.4,7.8,67.8,Yes,No,2,59.9,Fail
685,F,6.3,55.9,6.3,48.8,Yes,No,1,64.6,Pass
686,F,3.4,61.9,7.7,46.3,No,Yes,1,48.6,Fail
687,F,4.2,75.1,6.9,85,Yes,No,3,68.8,Pass
688,M,9.6,75.3,5.8,63.9,Yes,No,0,79.9,Pass
689,M,7.5,79.1,5.9,57.2,Yes,No,3,64.4,Pass
690,M,5.4,69.8,8.7,61.7,Yes,No,0,61.7,Pass
691,M,2.8,89.3,6.8,47.3,Yes,Yes,0,57.2,Fail
692,F,9,95.7,9,82.1,Yes,No,0,88.8,Pass
693,M,2.4,62.3,6.4,60.3,Yes,No,0,43.7,Fail
694,F,3.3,86.8,7.3,81.4,No,No,0,62.3,Pass
695,M,9.1,83.9,9.9,65.6,Yes,No,3,82.9,Pass
696,F,5.3,76.2,5.7,82.2,Yes,No,3,74.5,Pass
697,M,7.4,59.4,4.7,68.1,Yes,Yes,2,72.2,Pass
698,M,5.9,89.8,8.5,75.2,Yes,Yes,0,67.9,Pass
699,M,6.5,98,6,73.6,Yes,No,3,78.1,Pass
700,F,3,86.1,7,72.5,No,No,2,56.5,Fail
701,F,2.4,95.9,6.3,69.2,Yes,No,2,63.1,Pass
702,F,3.2,99.2,7.3,62.2,Yes,Yes,3,66.1,Pass
703,F,1.6,67.6,5.9,88,Yes,Yes,1,61.1,Pass
704,M,8.7,81.9,6.8,54.1,Yes,No,1,73.1,Pass
705,M,2.8,73.7,7.5,65.1,Yes,No,3,55.7,Fail
706,M,5.6,99.3,5.8,65.2,No,Yes,2,77.6,Pass
707,M,7.9,54.7,6.2,69.8,Yes,No,2,68.1,Pass
708,M,7.8,70.6,6.6,59.8,Yes,Yes,2,78.3,Pass
709,M,4.4,93.8,5.3,68.8,No,No,3,66.3,Pass
710,F,4.8,64.2,6.5,63,Yes,Yes,1,66.8,Pass
711,M,9.9,89.4,7.1,46,No,Yes,0,69.7,Pass
712,M,6.7,69.1,6.5,65.1,Yes,Yes,1,77.1,Pass
713,M,8.1,99,6.7,51.8,Yes,No,2,72,Pass
714,F,9,94.2,7,44.2,No,No,3,73.4,Pass
715,F,7.9,65.1,6.2,66.6,Yes,No,1,65.6,Pass
716,F,1.9,88.5,7.8,70.9,Yes,No,2,53.9,Fail
717,M,5.6,66.8,8.7,71.3,Yes,No,3,76.5,Pass
718,M,1,80.3,6.4,71.8,Yes,Yes,3,51.9,Fail
719,M,6.5,82.9,7.6,41.8,Yes,No,3,67.6,Pass
720,F,9.6,91.5,6.7,48.7,Yes,Yes,3,79.9,Pass
721,M,5.1,51.2,7.4,88.7,Yes,No,2,64.3,Pass
722,M,4.3,61,8.9,52.4,Yes,No,1,56,Fail
723,M,0.4,85.6,7.6,72.3,Yes,No,1,48.8,Fail
724,M,9.6,78.2,4.9,56.8,Yes,Yes,2,77.4,Pass
725,M,1,74.8,7.5,66,Yes,No,0,47.6,Fail
726,F,0.4,52.8,8.5,57.4,Yes,Yes,2,44.2,Fail
727,F,2.5,67.4,6.7,71.7,Yes,Yes,2,64,Pass
728,M,0.7,93.3,8.2,66.6,Yes,No,2,57.4,Fail
729,M,4.6,51.5,6.2,59.6,Yes,No,1,46.7,Fail
730,F,5.2,69.8,5.2,52.4,Yes,No,2,60.3,Pass
731,F,3.1,97.3,7.2,68.2,Yes,Yes,0,69.7,Pass
732,F,0.5,52.5,4.9,,Yes,No,2,32.9,Fail
733,F,1.1,87.5,6.7,70.1,No,No,3,55.3,Fail
734,M,3.8,62.9,8.5,96.5,No,No,3,64.6,Pass
735,M,0.6,93.3,4.7,81.2,Yes,No,3,50.1,Fail
736,M,7,87.3,5.5,73.6,No,Yes,1,85,Pass
737,M,2.1,94.3,5.8,64,No,No,0,55.6,Fail
738,M,3,60.8,6.9,41.7,Yes,No,2,44.7,Fail
739,M,3.9,76.6,6.6,49.1,Yes,No,0,53.7,Fail
740,F,4.2,89,8.7,80.4,Yes,No,1,78.4,Pass
741,F,0,62.3,8.1,55.5,Yes,No,2,39.5,Fail
742,F,1.1,61.5,7.6,56.6,Yes,No,2,37.5,Fail
743,M,8.6,51.4,7.2,63,Yes,No,2,65.1,Pass
744,M,0,97.9,7.5,52.3,Yes,Yes,3,59,Fail
745,F,5.1,85.5,6,50.3,No,Yes,0,66.7,Pass
746,F,4.9,81.8,8,64.4,Yes,No,3,63.6,Pass
747,F,3.3,87.2,5.7,54.3,Yes,No,2,62.5,Pass
748,F,4.3,76.6,8,,Yes,No,1,64.1,Pass
749,M,7.8,73.8,8.4,55.6,Yes,No,1,69.8,Pass
750,F,8.4,72.5,7.3,71.3,No,No,2,72.3,Pass
751,M,2.6,82,6.8,62.2,No,Yes,2,58.8,Fail
752,M,3.2,60.1,7.5,62.9,Yes,No,1,50.3,Fail
753,F,2.4,94.4,4,72.2,Yes,No,0,60.4,Pass
754,M,4.8,90.6,7.4,63.3,Yes,No,0,69.6,Pass
755,M,6.8,67.5,6.9,61.7,Yes,No,1,58.3,Fail
756,M,2.3,78.9,6.9,70.6,No,No,1,54.3,Fail
757,M,3.3,57.1,7.8,73,Yes,No,2,55.6,Fail
758,M,9.3,98.6,6.9,63.2,Yes,No,3,86.6,Pass
759,M,0.5,95.1,5.6,66,Yes,No,0,45,Fail
760,M,4.6,96.1,6.8,55.6,Yes,Yes,1,66.7,Pass
761,F,7.1,66.6,7.1,54.7,Yes,No,0,63.6,Pass
762,M,1.5,58.5,7.1,74.2,Yes,No,3,55.3,Fail
763,F,0.5,60.6,7.2,70.3,Yes,Yes,2,51.2,Fail
764,M,1.4,54.5,8.2,70.5,Yes,No,0,60.6,Pass
765,F,9.2,56,5.7,68.4,No,No,1,72.7,Pass
766,M,0.1,53.6,7.2,65.6,Yes,No,2,40.7,Fail
767,M,1.9,,8.5,73.4,Yes,No,3,64.6,Pass
768,M,0.3,53.7,4.9,76.2,Yes,Yes,2,46.6,Fail
769,F,1.1,56.6,7.2,75.9,Yes,Yes,1,59.4,Fail
770,F,6.2,91.4,6.3,63.8,Yes,Yes,2,67.3,Pass
771,F,2.4,79,6.6,81.6,Yes,No,2,57.2,Fail
772,F,5.7,88.7,5.9,67.7,Yes,No,2,70.9,Pass
773,F,5.9,81.5,6.8,72.6,Yes,No,0,78,Pass
774,M,8.5,94.1,9.2,68.4,Yes,No,2,72.1,Pass
775,M,0,81.9,5.5,68,Yes,Yes,0,60.7,Pass
776,F,8.5,76.1,5.6,56.2,Yes,Yes,3,72.5,Pass
777,F,6.2,85.6,5.4,73.4,Yes,Yes,3,64.6,Pass
778,M,1.6,72.4,9.1,99.1,Yes,No,2,51.2,Fail
779,F,7.7,67.3,6.4,60.5,Yes,Yes,2,64.1,Pass
780,F,8.6,73.4,7,65.9,No,No,0,73.2,Pass
781,M,2.5,58.5,6.5,59.6,No,No,3,44.6,Fail
782,F,9.2,89.8,5.9,59.1,Yes,No,1,81,Pass
783,F,4.5,63,6.7,83.5,Yes,Yes,1,66.9,Pass
784,M,6,57.7,9.9,,Yes,Yes,2,61.3,Pass
785,F,9.8,62.3,8.7,59.3,Yes,No,3,72.7,Pass
786,F,3.6,92.1,6,46,Yes,No,1,56.2,Fail
787,F,8.1,66.5,7.8,55.9,No,Yes,2,71,Pass
788,F,3.2,84.3,6,44.5,Yes,No,2,47.5,Fail
789,F,8,92.8,4.9,72.6,Yes,No,1,82.8,Pass
790,F,6,53.9,8.2,98.6,Yes,No,2,71.3,Pass
791,F,2.2,88.3,8.4,60.6,Yes,Yes,3,56.7,Fail
792,M,4.1,65.4,8.3,45,No,Yes,1,51.7,Fail
793,M,3.2,60.8,6.4,75.8,Yes,Yes,3,65.6,Pass
794,M,0.8,84.4,6.8,56.3,Yes,Yes,3,51.5,Fail
795,M,0.3,95.5,7.9,80.6,Yes,No,3,55.7,Fail
796,F,3.5,64.8,7.5,61.6,Yes,No,2,60,Pass
797,F,0.2,78.4,6.5,57.4,Yes,No,3,55.4,Fail
798,M,1.7,64.5,5.1,62.9,Yes,No,2,48.1,Fail
799,M,7.3,77.7,,74.1,Yes,Yes,3,84,Pass
800,F,7.1,81.1,8.3,62.3,Yes,Yes,2,81.3,Pass
801,M,7.4,80.5,5.6,59,No,No,3,61.7,Pass
802,F,3.2,81.2,7.8,62.6,Yes,No,3,58.5,Fail
803,M,8.9,56.8,7.4,49.7,Yes,No,3,59.1,Fail
804,M,5.9,84.7,7.9,69.8,No,Yes,2,71.3,Pass
805,M,1.3,83.7,8,43.6,Yes,Yes,2,48.2,Fail
806,M,1.4,84.1,6.2,59.7,Yes,Yes,3,52.4,Fail
807,F,6.9,53.7,5.1,74.1,No,No,1,59,Fail
808,M,1.7,72.3,6.4,68.6,Yes,No,0,52.8,Fail
809,M,5.1,70.5,8.1,72.1,Yes,No,3,68.2,Pass
810,M,9.9,54.3,6.3,64.2,Yes,No,2,72.1,Pass
811,M,0,61.1,6.2,79,Yes,Yes,1,43.2,Fail
812,F,0.2,72,4.8,76.1,Yes,No,2,44.7,Fail
813,F,9.9,87.1,9.1,70.4,No,Yes,0,81.4,Pass
814,F,5.8,,8,76.1,Yes,No,1,69.7,Pass
815,F,1.3,91.5,7.9,74,No,No,1,60.1,Pass
816,M,9,77.3,8.2,59.7,Yes,No,1,78.3,Pass
817,M,8.8,88,7.7,48.9,Yes,Yes,3,73.2,Pass
818,F,5.4,73.6,6.7,70,Yes,No,2,66.9,Pass
819,F,6.2,75,6.8,71.6,Yes,No,0,68.5,Pass
820,F,2.7,81,6.5,78.1,Yes,Yes,1,60.5,Pass
821,M,0.5,96.4,10,53.8,Yes,Yes,0,63.2,Pass
822,F,5.9,74.6,7.7,54.1,Yes,No,3,66.4,Pass
823,F,2.9,76.4,6.4,70.5,Yes,Yes,1,67.7,Pass
824,M,6.6,80.1,7.6,,Yes,Yes,1,71.9,Pass
825,M,8.4,86.9,5.8,42.4,Yes,Yes,1,78.5,Pass
826,F,0.2,53.6,8.8,69.5,Yes,Yes,0,49.5,Fail
827,M,6,75.8,6.2,42.8,Yes,No,3,60.4,Pass
828,F,2.3,74.1,7.6,53.7,Yes,No,2,48.6,Fail
829,F,8.7,96.1,8.3,81.2,Yes,Yes,1,91.3,Pass
830,M,2.5,74.7,7.5,86.9,Yes,No,1,52.2,Fail
831,M,6.1,73.4,7.1,50.4,Yes,Yes,2,63.9,Pass
832,F,5.5,98.1,7,61,Yes,Yes,0,75.3,Pass
833,M,4,72.5,6.9,65.5,Yes,Yes,3,60.7,Pass
834,F,6.8,59,6.3,86.4,Yes,No,2,80.5,Pass
835,M,7.3,60.8,6.5,59.1,Yes,No,0,60.2,Pass
836,M,5.7,54.8,8.8,59.3,No,No,2,54.8,Fail
837,F,7.6,50,6.9,83.6,No,Yes,3,67.4,Pass
838,F,9.8,71.6,6.1,60.5,Yes,Yes,0,77.9,Pass
839,F,4.2,88.5,6.4,73.7,Yes,Yes,2,75.6,Pass
840,F,5.1,86.7,8.3,47.3,Yes,No,2,69.3,Pass
841,F,0.1,51.6,7.8,62.9,No,Yes,3,38.7,Fail
842,F,8,78.5,7.7,45.1,Yes,No,2,64,Pass
843,F,5.2,57.7,6.7,52.3,Yes,No,2,49,Fail
844,M,4.1,97.1,,75.1,Yes,No,3,76.1,Pass
845,M,0.9,58.4,6.2,64.4,Yes,No,3,49.7,Fail
846,F,8.9,81.3,6.7,61.2,Yes,Yes,1,79.9,Pass
847,F,4,66.3,8.2,56,Yes,No,2,49.2,Fail
848,F,6.8,82.1,8,62.4,Yes,Yes,0,70.2,Pass
849,F,1.5,70.6,5.8,68.6,Yes,No,3,50.9,Fail
850,F,9.6,88,6,76.8,No,No,3,83.1,Pass
851,F,1.8,61.5,7.1,33.5,No,Yes,1,30.2,Fail
852,M,2,95.3,9.1,55,Yes,No,2,56.2,Fail
853,M,8.6,75,4.7,66.9,Yes,Yes,3,84,Pass
854,M,9.1,87.8,7.3,63.8,Yes,Yes,0,84.1,Pass
855,F,2.1,92.5,5.3,69.8,No,No,2,62.5,Pass
856,F,4.7,99.9,6.2,68.2,Yes,No,3,71.2,Pass
857,M,7.3,61.2,6.6,61.3,Yes,No,3,59.2,Fail
858,M,8.8,64.3,6.5,58.7,No,No,0,67.1,Pass
859,M,3.8,62.5,6.4,62.1,Yes,No,3,53.2,Fail
860,M,5.2,63.1,7,78.8,Yes,Yes,3,64.2,Pass
861,M,7.4,79.1,6.4,56.2,Yes,Yes,0,69,Pass
862,M,7.3,99.7,5.2,64.2,Yes,No,2,81.9,Pass
863,F,7.8,99.5,7.9,67.2,Yes,Yes,2,79.3,Pass
864,F,5.7,76.3,7.9,83.7,Yes,No,3,78.1,Pass
865,M,1,82,8,61.4,No,Yes,0,52.6,Fail
866,M,9,93,5.2,76.5,Yes,Yes,3,85.5,Pass
867,F,8.7,96.6,7.4,79.8,No,No,2,86,Pass
868,F,8,60.2,7.8,64.2,Yes,No,1,67.7,Pass
869,F,1,76.4,5.8,62.5,Yes,No,1,52.2,Fail
870,F,2,91.6,7,61.1,No,No,3,42.5,Fail
871,M,7.4,65.2,6.9,61.9,Yes,Yes,3,72.7,Pass
872,F,0.2,72,9.2,75.3,Yes,No,1,41.9,Fail
873,F,9.8,99.3,9.3,67.8,Yes,Yes,3,90.5,Pass
874,F,3.8,99.3,5,67.8,Yes,No,2,68.4,Pass
875,F,7.2,95.3,10,51.5,No,Yes,0,80,Pass
876,M,8.9,89.9,5.9,53.4,Yes,No,2,67.6,Pass
877,M,3.9,63.5,8.2,90.7,Yes,Yes,3,64.7,Pass
878,F,3.2,66,8.2,62.9,Yes,No,0,54.2,Fail
879,M,6.1,77.4,5.8,55.7,Yes,No,0,65.3,Pass
880,M,5.8,78,7.6,82.2,Yes,No,0,64.8,Pass
881,M,4.1,75.3,6.9,68.4,Yes,Yes,2,65.5,Pass
882,F,6,81.8,7.7,71.9,No,No,0,71.6,Pass
883,M,9.4,70.4,7.3,63.3,Yes,Yes,3,77.8,Pass
884,M,4.7,87.5,8.4,61.2,No,Yes,0,71,Pass
885,F,2,66.7,7.1,63,Yes,Yes,0,57.8,Fail
886,F,3.8,66.5,6.8,48.4,Yes,Yes,1,53.4,Fail
887,M,3.9,,8.3,63.9,Yes,No,3,45.8,Fail
888,F,1.3,59.4,7.7,68.6,Yes,Yes,3,53.5,Fail
889,F,1.6,92.5,7.9,87.2,Yes,Yes,1,65.7,Pass
890,M,6.8,72.3,6.2,66,Yes,No,2,64.9,Pass
891,M,3.4,61.4,5.7,37,Yes,No,3,45,Fail
892,F,9.5,88,6.3,63.9,No,No,3,83,Pass
893,M,2.4,77.7,6.3,97.9,Yes,No,0,67.7,Pass
894,M,1,51.1,7.9,75.4,Yes,Yes,3,55.2,Fail
895,F,7.5,65.8,8.2,55.3,No,No,3,56,Fail
896,M,8.8,58.9,6.8,72.1,Yes,Yes,2,78.9,Pass
897,M,2.8,82.8,8.7,56.1,No,Yes,2,57.8,Fail
898,M,2,63.8,8.6,48.8,Yes,Yes,1,58.1,Fail
899,M,1.9,53.2,7.3,60.8,No,No,3,40.3,Fail
900,M,5.2,52.7,6,66.1,Yes,Yes,3,59.5,Fail
901,M,4.7,79.1,8.9,42.5,Yes,No,2,63.1,Pass
902,F,2.6,51.1,6.9,51.2,Yes,Yes,2,48.2,Fail
903,F,0.5,92.4,7.2,65.1,Yes,No,1,48.8,Fail
904,F,4.8,57.8,6.6,60.1,Yes,No,2,68.9,Pass
905,M,9.6,80.3,5.9,69.7,No,Yes,0,76.9,Pass
906,M,6.5,72.2,5.2,50.4,Yes,No,3,59,Fail
907,M,5,72.1,7.8,73.6,Yes,No,2,68.3,Pass
908,F,1.1,53.6,6.1,50.8,No,No,2,37.8,Fail
909,F,2.5,90.1,10,84.7,Yes,Yes,0,74.2,Pass
910,F,2.9,94.7,5.7,44.4,Yes,No,2,51.8,Fail
911,F,7.6,50.6,5.5,51.9,Yes,Yes,0,63.6,Pass
912,F,8.8,58.9,7.6,70,Yes,Yes,3,71.5,Pass
913,M,9,95.2,8.8,85,Yes,Yes,2,100,Pass
914,M,9.8,77.5,7.1,68.8,Yes,No,1,80.4,Pass
915,F,9.8,57.5,7.7,71.8,Yes,Yes,3,83.7,Pass
916,F,9.5,60.1,4.8,65.2,Yes,No,3,68.9,Pass
917,M,0.7,83,6.2,52.7,Yes,Yes,0,50.1,Fail
918,M,1.4,86.2,5.7,59.1,Yes,No,0,50.3,Fail
919,F,3,80,4.7,50.5,Yes,Yes,1,47.4,Fail
920,F,5.5,97.7,7.1,49.7,Yes,No,0,66.1,Pass
921,F,1,74.7,4.3,69.8,Yes,No,2,46.8,Fail
922,F,8.5,65,5.4,51.5,Yes,Yes,2,75.2,Pass
923,F,6.2,73.9,6.4,68.8,Yes,Yes,2,65.5,Pass
924,F,5.4,68,6,49.4,Yes,No,0,54.9,Fail
925,M,1.7,61.2,7.5,68.6,No,No,3,42.9,Fail
926,M,2.5,52.3,7.4,,Yes,No,3,54.5,Fail
927,F,1.6,67.6,8.1,81.9,Yes,Yes,2,57.5,Fail
928,M,8.5,85.6,7.9,68.9,Yes,No,0,84,Pass
929,M,5.8,50.9,8.4,79.8,Yes,Yes,1,76.3,Pass
930,F,7.4,72,7,55.9,No,Yes,2,67.3,Pass
931,M,3,82.2,7.4,65.7,No,No,2,49.5,Fail
932,M,3.7,80.5,7.6,53.2,No,No,0,48.9,Fail
933,M,4,88.8,7.2,60,Yes,No,3,65.5,Pass
934,M,7.6,90.5,6.5,61.9,Yes,No,3,66.7,Pass
935,F,7.7,85.6,6.6,56.3,Yes,Yes,2,77,Pass
936,F,2.1,,6,50.4,Yes,No,1,44.1,Fail
937,F,9.4,73.8,7.5,48,Yes,Yes,2,77.6,Pass
938,F,1.2,80.2,6.9,36.9,Yes,Yes,0,50.4,Fail
939,F,9,62.3,6.2,52.3,Yes,Yes,2,66.9,Pass
940,M,1,52.1,6.2,72.5,No,No,0,40.2,Fail
941,M,2.6,61.2,5.5,45.8,Yes,No,0,48.8,Fail
942,M,8.5,72.7,8.2,48.6,Yes,Yes,2,70.5,Pass
943,M,1.8,70.7,7.1,86.5,No,No,2,42.9,Fail
944,F,4.1,58.8,6,57.4,Yes,No,3,55,Fail
945,M,4.5,91.2,8,68.9,Yes,No,2,63.1,Pass
946,M,2.5,96.3,6.3,72.7,Yes,No,3,64,Pass
947,M,7.1,60.1,5.3,73,Yes,Yes,3,77.2,Pass
948,M,8.5,96.5,8.2,46.7,Yes,No,1,75.8,Pass
949,F,8.7,50.9,6.4,62.2,Yes,No,3,71.6,Pass
950,M,3.4,96.2,6.5,45.6,Yes,No,1,57.7,Fail
951,M,5.3,97.6,7,94.4,Yes,No,2,88.1,Pass
952,M,2.5,50.6,8.4,45.9,Yes,No,0,40.5,Fail
953,M,2.4,88.2,7,52.4,Yes,Yes,0,59.4,Fail
954,F,1.6,98.5,5.6,52.5,No,No,2,52.6,Fail
955,M,9.4,95.3,7.7,47,Yes,Yes,1,80.8,Pass
956,M,8.9,98.5,6.4,81.2,Yes,Yes,2,96.4,Pass
957,M,7.8,77.5,9.3,94.1,Yes,No,0,85.3,Pass
958,M,5.2,53.9,7,59.3,No,No,1,64.8,Pass
959,M,4.9,92.5,4.3,49.2,Yes,No,2,69.2,Pass
960,F,5.3,80.7,7.4,38.2,Yes,No,2,58.2,Fail
961,M,5.4,80.7,9.3,62.1,Yes,No,3,69.7,Pass
962,M,4.3,70.9,8.9,61.2,Yes,No,3,66.1,Pass
963,M,1.3,78.6,9.2,57.2,Yes,No,3,45.5,Fail
964,M,1.3,57.7,5.8,67.7,Yes,Yes,0,45.7,Fail
965,M,9.5,87,8.1,69.7,Yes,No,2,89.9,Pass
966,F,4.8,53.8,6.1,68.9,Yes,Yes,0,64.6,Pass
967,M,9.5,86.5,7.3,61.2,Yes,Yes,1,83.3,Pass
968,F,1.6,92.4,5.5,51.8,Yes,Yes,0,56,Fail
969,F,5.5,73.6,6.2,73,Yes,No,1,55.3,Fail
970,M,2.1,75.5,,65.2,Yes,No,0,53.9,Fail
971,F,2.5,65.6,8.1,75.7,Yes,No,2,54.2,Fail
972,M,0.3,98.5,,74.5,No,No,0,61.9,Pass
973,F,1.2,86.7,7.3,47.9,No,No,2,50.4,Fail
974,M,9.2,68.4,5.4,47.8,No,Yes,2,71,Pass
975,M,3.2,58.7,6.6,55.9,Yes,No,0,53.4,Fail
976,M,6.1,61,6.1,52.3,Yes,No,0,51.9,Fail
977,F,4.7,73.2,8,74.1,Yes,No,3,68.4,Pass
978,F,4,97.1,8.4,69.2,Yes,Yes,2,75.9,Pass
979,M,5.3,86.7,8.3,78.2,Yes,Yes,1,84.4,Pass
980,F,1.9,60.8,6.1,69.8,Yes,No,3,60.2,Pass
981,F,9.9,93,4,67.5,Yes,Yes,0,77.9,Pass
982,F,8.2,68.9,4.9,79.4,Yes,Yes,3,75.8,Pass
983,M,7.4,92.6,8.7,70.6,No,No,0,74.3,Pass
984,F,4.7,62.1,6.5,65.8,Yes,Yes,2,63.7,Pass
985,M,1.5,80.9,6.1,82.8,Yes,Yes,0,64.4,Pass
986,M,9.2,96.3,9,66.4,Yes,No,0,85.4,Pass
987,M,3.4,62.9,8.5,61.3,Yes,No,1,61.6,Pass
988,F,0.5,84.6,7,54.9,No,No,0,40.9,Fail
989,F,3.4,99.4,6.6,73.4,Yes,Yes,1,66.3,Pass
990,F,7.9,57.5,6.8,79.8,No,Yes,0,70.6,Pass
991,F,6.2,54.4,7.3,64.4,No,No,0,58.9,Fail
992,M,7.5,83.7,8.9,80.7,Yes,No,3,74.3,Pass
993,M,7.9,67,7.5,41.4,Yes,Yes,3,65.9,Pass
994,F,2.1,53.6,7.9,64.3,Yes,No,3,47.9,Fail
995,F,9.2,73.8,8.4,64.5,Yes,No,0,75.6,Pass
996,M,4.4,87.7,5.6,56.3,Yes,No,1,65,Pass
997,M,6.4,64.3,7.9,93.6,No,Yes,1,77.7,Pass
998,F,0,66.8,6.6,64.2,Yes,Yes,1,54.6,Fail
999,M,9.9,92.3,4,60.1,No,Yes,1,78.8,Pass
1000,F,2.8,76,4.4,65.3,Yes,Yes,2,57.4,Fail